{ "height":7,
 "infinite":false,
 "layers":[
        {
         "data":[13, 13, 13, 13, 13, 13, 13, 13, 13, 13, 13, 13, 13, 13, 13, 13, 13, 13, 13, 13, 13, 13, 13, 13, 12, 12, 13, 13, 13, 13, 13, 13, 13, 13, 12, 12, 13, 13, 13, 13, 13, 13, 13, 13, 12, 12, 13, 13, 13, 13, 13, 13, 13, 13, 12, 12, 13, 13, 13, 13, 13, 13, 13, 13, 41, 41, 13, 13, 13, 13],
         "height":7,
         "id":1,
         "name":"Below Player",
         "opacity":1,
         "type":"tilelayer",
         "visible":true,
         "width":10,
         "x":0,
         "y":0
        }, 
        {
         "data":[22, 23, 23, 23, 23, 23, 23, 23, 23, 24, 25, 0, 0, 0, 0, 0, 0, 0, 0, 27, 25, 19, 15, 0, 0, 0, 0, 15, 19, 27, 25, 16, 16, 0, 0, 0, 0, 16, 16, 27, 25, 0, 0, 0, 0, 0, 0, 0, 0, 27, 25, 0, 0, 0, 0, 0, 0, 0, 0, 27, 28, 29, 29, 29, 0, 0, 29, 29, 29, 30],
         "height":7,
         "id":2,
         "name":"World",
         "opacity":1,
         "type":"tilelayer",
         "visible":true,
         "width":10,
         "x":0,
         "y":0
        }, 
        {
         "data":[0, 0, 0, 0, 0, 0, 0, 0, 0, 0, 0, 1, 2, 0, 0, 0, 0, 3, 4, 0, 0, 0, 0, 0, 0, 0, 0, 0, 0, 0, 0, 0, 0, 0, 0, 0, 0, 0, 0, 0, 0, 0, 0, 0, 0, 0, 0, 0, 0, 0, 0, 8, 0, 0, 0, 0, 0, 0, 9, 0, 0, 0, 0, 0, 49, 49, 0, 0, 0, 0],
         "height":7,
         "id":3,
         "name":"Interactables",
         "opacity":1,
         "type":"tilelayer",
         "visible":true,
         "width":10,
         "x":0,
         "y":0
        }],
 "nextlayerid":4,
 "nextobjectid":1,
 "orientation":"orthogonal",
 "renderorder":"right-down",
 "tiledversion":"1.2.3",
 "tileheight":128,
 "tilesets":[
        {
         "columns":3,
         "firstgid":1,
         "image":"tilesets\/Beds.png",
         "imageheight":384,
         "imagewidth":384,
         "margin":0,
         "name":"Beds",
         "spacing":0,
         "tilecount":9,
         "tileheight":128,
         "tilewidth":128,
         "transparentcolor":"#000000"
        }, 
        {
         "columns":5,
         "firstgid":10,
         "image":"tilesets\/indoor.png",
         "imageheight":640,
         "imagewidth":640,
         "margin":0,
         "name":"indoor",
         "spacing":0,
         "tilecount":25,
         "tileheight":128,
         "tilewidth":128,
         "transparentcolor":"#000000"
        }, 
        {
         "columns":3,
         "firstgid":35,
         "image":"tilesets\/Solids.png",
         "imageheight":384,
         "imagewidth":384,
         "margin":0,
         "name":"Solids",
         "spacing":0,
         "tilecount":9,
         "tileheight":128,
         "tilewidth":128,
         "transparentcolor":"#000000"
        }, 
        {
         "columns":6,
         "firstgid":44,
         "image":"tilesets\/signs.png",
         "imageheight":896,
         "imagewidth":768,
         "margin":0,
         "name":"signs",
         "spacing":0,
         "tilecount":42,
         "tileheight":128,
         "tilewidth":128,
         "transparentcolor":"#000000"
        }],
 "tilewidth":128,
 "type":"map",
 "version":1.2,
 "width":10
}