{ "height":10,
 "infinite":false,
 "layers":[
        {
         "data":[1, 2, 1, 2, 1, 2, 1, 2, 1, 2, 2, 1, 2, 1, 2, 1, 2, 1, 2, 1, 1, 11, 1, 2, 1, 2, 1, 2, 1, 2, 2, 11, 2, 1, 2, 1, 2, 1, 2, 1, 1, 11, 1, 2, 1, 2, 1, 2, 1, 2, 2, 11, 2, 1, 2, 1, 2, 1, 2, 1, 1, 11, 1, 2, 1, 2, 1, 2, 1, 2, 2, 11, 2, 1, 2, 1, 2, 1, 2, 1, 1, 2, 1, 2, 1, 2, 1, 2, 1, 2, 2, 1, 2, 1, 80, 80, 2, 1, 2, 1],
         "height":10,
         "id":1,
         "name":"Below Player",
         "opacity":1,
         "type":"tilelayer",
         "visible":true,
         "width":10,
         "x":0,
         "y":0
        }, 
        {
         "data":[13, 14, 14, 14, 14, 14, 14, 14, 14, 15, 16, 0, 0, 0, 0, 0, 0, 0, 0, 18, 16, 0, 0, 0, 0, 0, 9, 6, 8, 18, 16, 0, 0, 12, 0, 0, 9, 6, 8, 18, 16, 0, 0, 12, 0, 0, 9, 6, 8, 18, 16, 0, 0, 12, 0, 0, 9, 6, 8, 18, 16, 0, 0, 12, 0, 0, 9, 6, 8, 18, 16, 0, 0, 0, 0, 0, 9, 6, 8, 18, 16, 0, 0, 0, 0, 0, 0, 0, 0, 18, 19, 20, 20, 20, 0, 0, 20, 20, 20, 21],
         "height":10,
         "id":2,
         "name":"World",
         "opacity":1,
         "type":"tilelayer",
         "visible":true,
         "width":10,
         "x":0,
         "y":0
        }, 
        {
         "data":[0, 0, 0, 0, 0, 0, 0, 0, 0, 0, 0, 0, 0, 0, 0, 0, 0, 0, 0, 0, 0, 26, 0, 0, 0, 0, 0, 0, 0, 0, 0, 27, 0, 0, 0, 0, 0, 0, 0, 0, 0, 28, 0, 0, 0, 0, 0, 0, 0, 0, 0, 29, 0, 0, 0, 0, 0, 0, 0, 0, 0, 30, 0, 0, 0, 0, 0, 0, 0, 0, 0, 31, 0, 0, 0, 0, 0, 0, 0, 0, 0, 0, 0, 0, 0, 0, 0, 0, 0, 0, 0, 0, 0, 0, 51, 51, 0, 0, 0, 0],
         "height":10,
         "id":3,
         "name":"Interactables",
         "opacity":1,
         "type":"tilelayer",
         "visible":true,
         "width":10,
         "x":0,
         "y":0
        }],
 "nextlayerid":6,
 "nextobjectid":1,
 "orientation":"orthogonal",
 "renderorder":"right-down",
 "tiledversion":"1.2.3",
 "tileheight":128,
 "tilesets":[
        {
         "columns":5,
         "firstgid":1,
         "image":"tilesets\/indoor.png",
         "imageheight":640,
         "imagewidth":640,
         "margin":0,
         "name":"indoor",
         "spacing":0,
         "tilecount":25,
         "tileheight":128,
         "tilewidth":128,
         "transparentcolor":"#000000"
        }, 
        {
         "columns":2,
         "firstgid":26,
         "image":"tilesets\/food.png",
         "imageheight":384,
         "imagewidth":256,
         "margin":0,
         "name":"food",
         "spacing":0,
         "tilecount":6,
         "tileheight":128,
         "tilewidth":128,
         "transparentcolor":"#000000"
        }, 
        {
         "columns":6,
         "firstgid":32,
         "image":"tilesets\/signs.png",
         "imageheight":896,
         "imagewidth":768,
         "margin":0,
         "name":"signs",
         "spacing":0,
         "tilecount":42,
         "tileheight":128,
         "tilewidth":128,
         "transparentcolor":"#000000"
        }, 
        {
         "columns":3,
         "firstgid":74,
         "image":"tilesets\/Solids.png",
         "imageheight":384,
         "imagewidth":384,
         "margin":0,
         "name":"Solids",
         "spacing":0,
         "tilecount":9,
         "tileheight":128,
         "tilewidth":128,
         "transparentcolor":"#000000"
        }],
 "tilewidth":128,
 "type":"map",
 "version":1.2,
 "width":10
}