{ "height":10,
 "infinite":false,
 "layers":[
        {
         "data":[204, 204, 204, 204, 204, 204, 204, 204, 204, 204, 204, 209, 207, 209, 207, 209, 207, 209, 207, 204, 204, 207, 209, 207, 209, 207, 209, 207, 209, 204, 204, 209, 207, 209, 207, 209, 207, 209, 207, 204, 204, 207, 209, 204, 209, 207, 209, 207, 209, 204, 204, 209, 207, 209, 207, 209, 207, 209, 207, 204, 204, 207, 209, 207, 209, 207, 209, 207, 209, 204, 204, 209, 207, 209, 207, 209, 207, 209, 207, 204, 204, 207, 209, 207, 209, 207, 209, 207, 209, 204, 204, 204, 204, 204, 210, 210, 204, 204, 204, 204],
         "height":10,
         "id":4,
         "name":"Below Player2",
         "opacity":1,
         "type":"tilelayer",
         "visible":true,
         "width":10,
         "x":0,
         "y":0
        }, 
        {
         "data":[0, 0, 0, 0, 0, 0, 0, 0, 0, 0, 0, 0, 0, 0, 0, 0, 201, 0, 199, 0, 0, 0, 0, 0, 0, 0, 201, 0, 199, 0, 0, 0, 0, 0, 0, 0, 0, 0, 0, 0, 0, 0, 0, 0, 0, 0, 201, 0, 199, 0, 0, 0, 0, 0, 0, 0, 0, 0, 0, 0, 0, 0, 0, 0, 0, 0, 0, 201, 0, 0, 0, 0, 0, 0, 0, 0, 0, 201, 0, 0, 0, 0, 0, 0, 0, 0, 0, 201, 0, 0, 0, 0, 0, 0, 0, 0, 0, 0, 0, 0],
         "height":10,
         "id":3,
         "name":"Below Player",
         "opacity":1,
         "type":"tilelayer",
         "visible":true,
         "width":10,
         "x":0,
         "y":0
        }, 
        {
         "data":[119, 110, 110, 110, 110, 110, 110, 110, 110, 118, 111, 0, 0, 0, 0, 0, 0, 203, 0, 111, 111, 0, 0, 111, 95, 0, 0, 203, 0, 111, 111, 0, 0, 111, 0, 0, 0, 0, 0, 111, 111, 0, 0, 111, 0, 0, 0, 203, 0, 111, 111, 0, 0, 111, 0, 0, 0, 0, 0, 111, 111, 0, 0, 111, 0, 0, 0, 0, 203, 111, 111, 0, 0, 111, 0, 0, 0, 0, 203, 111, 111, 0, 0, 0, 0, 0, 0, 0, 203, 111, 120, 110, 110, 110, 0, 0, 110, 110, 110, 121],
         "height":10,
         "id":2,
         "name":"World",
         "opacity":1,
         "type":"tilelayer",
         "visible":true,
         "width":10,
         "x":0,
         "y":0
        }, 
        {
         "data":[0, 0, 0, 0, 0, 0, 0, 0, 0, 0, 0, 0, 0, 0, 0, 0, 0, 0, 0, 0, 0, 2, 0, 0, 0, 0, 0, 0, 0, 0, 0, 1, 0, 0, 0, 0, 0, 0, 0, 0, 0, 6, 0, 0, 0, 0, 0, 0, 0, 0, 0, 3, 0, 0, 0, 0, 0, 0, 0, 0, 0, 4, 0, 0, 0, 0, 0, 0, 0, 0, 0, 5, 0, 0, 0, 0, 0, 0, 0, 0, 0, 0, 0, 0, 0, 0, 25, 0, 0, 0, 0, 0, 0, 0, 26, 26, 0, 0, 0, 0],
         "height":10,
         "id":1,
         "name":"Interactables",
         "opacity":1,
         "type":"tilelayer",
         "visible":true,
         "width":10,
         "x":0,
         "y":0
        }, 
        {
         "draworder":"topdown",
         "id":5,
         "name":"Objects",
         "objects":[
                {
                 "height":0,
                 "id":1,
                 "name":"Spawn Point",
                 "point":true,
                 "rotation":0,
                 "type":"",
                 "visible":true,
                 "width":0,
                 "x":160,
                 "y":280
                }],
         "opacity":1,
         "type":"objectgroup",
         "visible":true,
         "x":0,
         "y":0
        }],
 "nextlayerid":6,
 "nextobjectid":2,
 "orientation":"orthogonal",
 "renderorder":"right-down",
 "tiledversion":"1.2.3",
 "tileheight":128,
 "tilesets":[
        {
         "columns":2,
         "firstgid":1,
         "image":"tilesets\/food.png",
         "imageheight":384,
         "imagewidth":256,
         "margin":0,
         "name":"food",
         "spacing":0,
         "tilecount":6,
         "tileheight":128,
         "tilewidth":128,
         "transparentcolor":"#000000"
        }, 
        {
         "columns":6,
         "firstgid":7,
         "image":"tilesets\/signs.png",
         "imageheight":896,
         "imagewidth":768,
         "margin":0,
         "name":"signs",
         "spacing":0,
         "tilecount":42,
         "tileheight":128,
         "tilewidth":128,
         "transparentcolor":"#000000"
        }, 
        {
         "columns":7,
         "firstgid":49,
         "image":"tilesets\/SBU.png",
         "imageheight":896,
         "imagewidth":896,
         "margin":0,
         "name":"SBU",
         "spacing":0,
         "tilecount":49,
         "tileheight":128,
         "tilewidth":128,
         "transparentcolor":"#000000"
        }, 
        {
         "columns":10,
         "firstgid":98,
         "image":"tilesets\/Maze Tile.png",
         "imageheight":1280,
         "imagewidth":1280,
         "margin":0,
         "name":"Maze Tile",
         "spacing":0,
         "tilecount":100,
         "tileheight":128,
         "tilewidth":128,
         "transparentcolor":"#000000"
        }, 
        {
         "columns":3,
         "firstgid":198,
         "image":"tilesets\/ChairTables.png",
         "imageheight":256,
         "imagewidth":384,
         "margin":0,
         "name":"ChairTables",
         "spacing":0,
         "tilecount":6,
         "tileheight":128,
         "tilewidth":128,
         "transparentcolor":"#000000"
        }, 
        {
         "columns":3,
         "firstgid":204,
         "image":"tilesets\/Solids.png",
         "imageheight":384,
         "imagewidth":384,
         "margin":0,
         "name":"Solids",
         "spacing":0,
         "tilecount":9,
         "tileheight":128,
         "tilewidth":128,
         "transparentcolor":"#000000"
        }],
 "tilewidth":128,
 "type":"map",
 "version":1.2,
 "width":10
}